model,time,observedresponse,cvpredictionmean,cvpredictionsd,cvpredictioncount
Exponential,0.0,100.4554096812521,73.05333195068042,2.3130079221564532,20
Exponential,1.0,75.19356354167132,79.01044047586976,5.689325159790693,27
Exponential,2.0,63.64740497058182,73.16563307664802,3.826492869156581,19
Exponential,4.0,51.97843805672845,62.5295718279204,1.835112767098844,22
Exponential,8.0,41.55458327318901,44.42344707814018,1.8062622172420852,28
Exponential,12.0,26.89896444034033,33.09066885062603,1.762161909339534,25
Exponential,16.0,22.78767234102934,23.17912801515437,2.305811357886123,30
Exponential,20.0,22.025438303736752,15.069148935368805,2.0021808505195002,23
Exponential,24.0,16.753741728706007,10.711040664016679,1.8713663151973026,30
Exponential,30.0,12.173938828559436,7.143187306722467,1.7650260992300901,21
Exponential,36.0,12.333320859554233,3.7501172847698285,0.9444616489547514,21
Exponential,48.0,8.236060633002214,1.5568891350738872,0.5172645895516467,34
Stretched Exponential,0.0,100.4554096812521,105.94538216690596,6.087640064667504,20
Stretched Exponential,1.0,75.19356354167132,74.04685137753839,0.3662956423021327,27
Stretched Exponential,2.0,63.64740497058182,64.73129578303563,0.45524774999268924,19
Stretched Exponential,4.0,51.97843805672845,52.223674754111904,0.43930927534439873,22
Stretched Exponential,8.0,41.55458327318901,37.658378669304916,0.48070213795126887,28
Stretched Exponential,12.0,26.89896444034033,30.500327117087167,0.47194193099649473,25
Stretched Exponential,16.0,22.78767234102934,24.64671443254037,0.37742331249972033,30
Stretched Exponential,20.0,22.025438303736752,19.780003901699455,0.3491237365021077,23
Stretched Exponential,24.0,16.753741728706007,17.044931615258132,0.5273259391156755,30
Stretched Exponential,30.0,12.173938828559436,13.947510037131803,0.2904555019080233,21
Stretched Exponential,36.0,12.333320859554233,10.516705304879695,0.3454650826230072,21
Stretched Exponential,48.0,8.236060633002214,7.372606039712892,0.3760722941570004,34
Double Exponential,0.0,100.4554096812521,83.67949807838474,4.252493505975965,20
Double Exponential,1.0,75.19356354167132,77.89496333727026,3.5960644320006145,27
Double Exponential,2.0,63.64740497058182,65.41271926069986,2.9458242902369403,19
Double Exponential,4.0,51.97843805672845,49.11513138999695,2.5901130615284917,22
Double Exponential,8.0,41.55458327318901,35.47943937484283,1.8204591884532697,28
Double Exponential,12.0,26.89896444034033,31.768852140512216,1.7411539933466975,25
Double Exponential,16.0,22.78767234102934,25.566493084725096,1.2395467223603949,30
Double Exponential,20.0,22.025438303736752,20.481816545451743,0.737046076680914,23
Double Exponential,24.0,16.753741728706007,17.16969771099922,0.8157266698902134,30
Double Exponential,30.0,12.173938828559436,13.53898453138731,0.888553196854746,21
Double Exponential,36.0,12.333320859554233,9.27148811156038,1.0389590813883969,21
Double Exponential,48.0,8.236060633002214,5.384249737396727,1.1318043681521066,34
