model,parameter,estimate,standarderror,cihalfwidth,relativestandarderror
Linear,a,75.380,7.260,15.978,9.631
Linear,b,-1.667,0.268,0.589,16.056
Exponential,a,99.584,0.793,1.746,0.796
Exponential,b,-0.073,0.001,0.003,1.797
Stretched Exponential,a,100.007,1.105,2.463,1.105
Stretched Exponential,b,-0.077,0.007,0.016,9.133
Stretched Exponential,c,0.982,0.030,0.067,3.059
Double Exponential,a,58.591,440.943,997.482,752.584
Double Exponential,b,-0.087,0.133,0.302,154.302
Double Exponential,c,41.311,441.366,998.440,1068.409
Double Exponential,d,-0.058,0.121,0.274,207.091
